title,company,location,link
Part-Time Full Stack Developer [Remote],Radish Lab,No office location,https://stackoverflow.com/jobs/381168
プロジェクトマネージャー,日本タタ・コンサルタンシー・サービシズ株式会社,"Minato City, Japan",https://stackoverflow.com/jobs/381271
Node Js Developer,Alliance Recruitment Agency,"Ahmedabad, India",https://stackoverflow.com/jobs/381157
Node JS Developer,[x]cube LABS,"Hyderabad, India",https://stackoverflow.com/jobs/372067
Drupal Developer,Elsner Tech Pvt Ltd,"Ahmedabad, India",https://stackoverflow.com/jobs/381119
Full Stack Developer,NCrypted Technologies Pvt. Ltd.,"Ahmedabad, India",https://stackoverflow.com/jobs/381083
Node Engineer,"Yum! Brands, Inc.","Plano, TX",https://stackoverflow.com/jobs/360848
Front End Engineer,SightPlan,"Orlando, FL",https://stackoverflow.com/jobs/347583
Lead Software Engineer,PriceSpider,"Irvine, CA",https://stackoverflow.com/jobs/360833
Mid-Level Node Javascript Developer (Ecommerce Startup),Whitebox,"Baltimore, MD",https://stackoverflow.com/jobs/201049
Sr Node Javascript Developer at Ecommerce Startup,Whitebox,"Baltimore, MD",https://stackoverflow.com/jobs/236851
Software Engineers - Lisbon,OVO Group,"Lisbon, Portugal",https://stackoverflow.com/jobs/381000
RUST Developer (m/w/d),Gnosis Service GmbH,"Berlin, Germany",https://stackoverflow.com/jobs/347414
Site Reliability Engineer,G42viaExecutive Solutions,"Abu Dhabi, United Arab Emirates",https://stackoverflow.com/jobs/336285
MeanStack web Developer,West Advanced Technologies (WATI),"Hyderabad, India",https://stackoverflow.com/jobs/371988
React Developer,MeldCX,"Cagayan de Oro, Philippines",https://stackoverflow.com/jobs/347120
Sr. Full Stack Engineer,Modal,"San Francisco, CA",https://stackoverflow.com/jobs/335518
Node Engineer,"Yum! Brands, Inc.","Chicago, IL",https://stackoverflow.com/jobs/314051
Senior Fullstack Engineer,Galt Talent,"Santa Monica, CA",https://stackoverflow.com/jobs/280693
Senior Platform Engineer,Galt Talent,"Santa Monica, CA",https://stackoverflow.com/jobs/280692
Principal Mobile Developer,TrueMotion,"Boston, MA",https://stackoverflow.com/jobs/371825
Join us scale our backend for a better future of housing for everyone,Home HT,"Berlin, Germany",https://stackoverflow.com/jobs/201217
iOS Engineer (m/w/d),Gnosis Service GmbH,"Berlin, Germany",https://stackoverflow.com/jobs/297955
Kotlin Android Engineer (m/w/d),Gnosis Service GmbH,"Berlin, Germany",https://stackoverflow.com/jobs/282802
"Senior Developer ""Kubernetes Core Team"" (GO, Linux, System, IAAS",SAP,"Bengaluru, India",https://stackoverflow.com/jobs/371732
Senior Front-End Developer,Docler Holding,Luxembourg,https://stackoverflow.com/jobs/246029
Senior PHP Developer,X-Kode Studio,"Panchkula, India",https://stackoverflow.com/jobs/380810
PHP Developer,Rudra Innovative Software,"Sahibzada Ajit Singh Nagar, India",https://stackoverflow.com/jobs/380759
Python+ Hadoop Developer,forstaffing india,"Mumbai, India",https://stackoverflow.com/jobs/359793
Technical Lead & Ba,Talent Zone Consultants,"Thane, India",https://stackoverflow.com/jobs/359792
"Tech Lead Fullstack JavaScript, Multi-Product Search",Even Financial,"New York, NY",https://stackoverflow.com/jobs/359713
Full Stack Software Engineer - With opportunity to gain security clearance,Varen Technologies,"Columbia, MD",https://stackoverflow.com/jobs/297343
Java Developer,Xactware,"Lehi, UT",https://stackoverflow.com/jobs/293750
Front End Web Developer,Xactware,"Lehi, UT",https://stackoverflow.com/jobs/293752
Automation Engineer,Apple,"Cupertino, CA",https://stackoverflow.com/jobs/330655
Operations Engineer - Video Engineering,Apple,"San Diego, CA",https://stackoverflow.com/jobs/374810
"Senior Web Engineer - Backend Node.js, Typescript, PHP",Canva,"Sydney, Australia",https://stackoverflow.com/jobs/305234
Lead Software Engineer (Java),Zuhlke Engineering Ltd,"London, UK",https://stackoverflow.com/jobs/280099
Front-End (Haxe) Developer,Docler Holding,Luxembourg,https://stackoverflow.com/jobs/164478
Sr. Software Development Engineer,Amazon,"Seattle, WA",https://stackoverflow.com/jobs/380615
Software Development Manager,Amazon,"Seattle, WA",https://stackoverflow.com/jobs/380596
Sr. Software Development Engineer,Amazon,"Seattle, WA",https://stackoverflow.com/jobs/380520
Software Development Manager - AWS CloudFormation - Seattle,Amazon,"Seattle, WA",https://stackoverflow.com/jobs/380471
Front-End Engineer - CloudFormation,Amazon,"Seattle, WA",https://stackoverflow.com/jobs/380470
Sr. Engineer - Maps & Location Services,Amazon,"Nashville, TN",https://stackoverflow.com/jobs/380460
Software Development Engineer - Maps Data,Amazon,"Nashville, TN",https://stackoverflow.com/jobs/380459
Software Development Engineer - Maps Data,Amazon,"Nashville, TN",https://stackoverflow.com/jobs/380458
Front End Engineer (Level 5),Amazon,"Bengaluru, India",https://stackoverflow.com/jobs/380415
"Front End Engineer, AWS QuickSight",Amazon,"Seattle, WA",https://stackoverflow.com/jobs/380401
Python Solution Architect,FullStackTechies,"Bengaluru, India",https://stackoverflow.com/jobs/380352
Senior/Lead Software Engineer (stack agnostic),The Quantium Group,"Chicago, IL",https://stackoverflow.com/jobs/368618
Front End Developer,FullThrottle Labs,"Bengaluru, India",https://stackoverflow.com/jobs/380335
Python Technical Lead,FullStackTechies,"Bengaluru, India",https://stackoverflow.com/jobs/380325
Senior Application Developer (C# and JS) - Big Data,The Quantium Group,"Sydney, Australia",https://stackoverflow.com/jobs/148168
DevOps Engineer,Asymmetrik,"Annapolis Junction, MD",https://stackoverflow.com/jobs/371431
Software Engineers (Back End),OVO Group,"London, UK",https://stackoverflow.com/jobs/362603
React Developer,HaysviaHays plc,"Raleigh, NC",https://stackoverflow.com/jobs/380112
Backend Developer,The Appraisal Lane,"Montevideo, Uruguay",https://stackoverflow.com/jobs/313056
Frontend Engineer (f/m/d),On Running,"Berlin, Germany",https://stackoverflow.com/jobs/334429
Tech Specialist (m/f/d) - React.js,Motius GmbH,"München, Deutschland",https://stackoverflow.com/jobs/371346
Fullstack Developer,Dvdasjobs,"Surat, India",https://stackoverflow.com/jobs/358759
Laravel Developer / Angular Developer / PHP Developer,Readyedge Technologies Pvt Ltd,"Sahibzada Ajit Singh Nagar, India",https://stackoverflow.com/jobs/380029
PHP Developer,IGeekTeam Tech Pvt. Ltd.,"Sahibzada Ajit Singh Nagar, India",https://stackoverflow.com/jobs/380028
"PHP Web Developer(Codeigniter , Laravell, Wordpress)",Imminent Softwares,"Sahibzada Ajit Singh Nagar, India",https://stackoverflow.com/jobs/380004
Full Stack Developer,woundtech,"Hyderabad, India",https://stackoverflow.com/jobs/379889
Senior Full Stack Web Developer,Exaptive,"Oklahoma City, OK",https://stackoverflow.com/jobs/334072
Web Developer (m/w/d) für innovative Web-Anwendungen,Neoskop GmbH,"Hannover, Deutschland",https://stackoverflow.com/jobs/368938
Senior Web Developer,SR Compétences SA,"Lausanne, Switzerland",https://stackoverflow.com/jobs/379674
"Front-End Developer (JS, Angular, TypeScript) – Freelance & Full Remote Project",SkillValue,No office location,https://stackoverflow.com/jobs/371097
Front End Developer,Equity Staffing GroupviaEquity Staffing Group Incorporated,"Houston, TX",https://stackoverflow.com/jobs/335979
"(Senior) Software Engineer JavaScript, PHP and Node",FactSet,"Frankfurt, Germany",https://stackoverflow.com/jobs/346350
"Developer - Platform, Kubernetes, Docker, Linux",SAP,"Bengaluru, India",https://stackoverflow.com/jobs/379644
Frontend Developer (m/w/d),Tchibo GmbH,"Hamburg, Deutschland",https://stackoverflow.com/jobs/333785
Senior Full-Stack Developer,Digia,"Helsinki, Finland",https://stackoverflow.com/jobs/379606
Senior Full-Stack Developer,Digia,"Tampere, Finland",https://stackoverflow.com/jobs/379605
React/Node Developer,Undefined LLC,"Louisville, KY",https://stackoverflow.com/jobs/328010
[DTS] TCS Interactive テクニカルマネージャー/テクニカルリード,日本タタ・コンサルタンシー・サービシズ株式会社,"Minato City, Japan",https://stackoverflow.com/jobs/346129
Junior Full Stack Software Engineer,Warner MusicviaHays plc,"Haymarket, Australia",https://stackoverflow.com/jobs/333490
Distributed Systems Engineer,Aerial Applications,"Washington, DC",https://stackoverflow.com/jobs/370904
Senior Front End Engineer,Aerial Applications,"Washington, DC",https://stackoverflow.com/jobs/370900
Technical Communicator at a VC-Backed Tech Startup,Koji - Web App Development Platform,"San Diego, CA",https://stackoverflow.com/jobs/379301
Senior AWS Engineer,iFit,No office location,https://stackoverflow.com/jobs/379310
Quality Engineer,Hazelcast,No office location,https://stackoverflow.com/jobs/203005
DevOps Software Engineer,"Adomni, Inc","Las Vegas, NV",https://stackoverflow.com/jobs/346070
API Engineer,"Adomni, Inc","Las Vegas, NV",https://stackoverflow.com/jobs/346069
ReactJS Developer,ARHS Group,Luxembourg,https://stackoverflow.com/jobs/272905
SREエンジニア / インターネット/Webサービス・ASP,株式会社 ZEALS,"Shinagawa City, Japan",https://stackoverflow.com/jobs/318302
IaaS運用管理サーバ設計製造,株式会社エーティーエス,"Yokohama, Japan",https://stackoverflow.com/jobs/358472
Senior Software Developer – Data Engineering (m/f/d),Limehome GmbH,"München, Germany",https://stackoverflow.com/jobs/374736
Full Stack Developer,Gadgetsinasia.com,"Pune, India",https://stackoverflow.com/jobs/378559
Node js developer,Kaspon Techworks,"Chennai, India",https://stackoverflow.com/jobs/354583
Java/Spring Developer,prosourceIT,"Miami, FL",https://stackoverflow.com/jobs/378522
Software Engineer/ Architect,Daugherty Business Solutions,"Creve Coeur, MO",https://stackoverflow.com/jobs/278949
Backend Software Engineer,Hotel Engine,"Glendale, CO",https://stackoverflow.com/jobs/369007
Lead Software Development Consultant,Stride Consulting,"New York, NY",https://stackoverflow.com/jobs/297366
Senior Developer,UK Home Office,"Sheffield, Vereinigtes Königreich",https://stackoverflow.com/jobs/378490
Software Engineer C#,Sage,"Lawrenceville, GA",https://stackoverflow.com/jobs/272670
Senior Frontend Entwickler JavaScript (m/w/d),SPIRIT/21 GmbH,"Böblingen, Deutschland",https://stackoverflow.com/jobs/272327
Senior Backend .NET core Developer,Azerion,"Schiphol-Rijk, Netherlands",https://stackoverflow.com/jobs/358223
Sr. Server Engineer,Hipla Technologies Pvt. Ltd,"Kolkata, India",https://stackoverflow.com/jobs/378444
"(Senior) Fullstack Engineer - react, node - in front of Vienna Opera!",Scout24,"Wien, Austria",https://stackoverflow.com/jobs/357261
PHP Developer / Software Programmer,iGuru Software Solutions,"Kolkata, India",https://stackoverflow.com/jobs/378438
WebMethods Administrator,Diverse Lynx India,"Hyderabad, India",https://stackoverflow.com/jobs/370568
SPARK HADOOP DEVELOPER,Inference Labs,"Bengaluru, India",https://stackoverflow.com/jobs/345572
Big data Hadoop Administrator,i2t2 inc,"Hyderabad, India",https://stackoverflow.com/jobs/345537
Hadoop Administrator,technosoft corporation,"Bengaluru, India",https://stackoverflow.com/jobs/345531
Hadoop Administrator,ScaleIn,"Bengaluru, India",https://stackoverflow.com/jobs/345528
"Senior Software Engineer (Javascript/Typescript, React/Redux, Node)",Even Financial,"New York, NY",https://stackoverflow.com/jobs/357995
Full Stack Engineer - React - Cisco Meraki - Mid/Senior,Source Coders Inc,"Austin, TX",https://stackoverflow.com/jobs/378239
Site Reliability Engineer,Rollbar,"Budapest, Hungary",https://stackoverflow.com/jobs/371611
Site Reliability Engineer,Rollbar,"Barcelona, Spain",https://stackoverflow.com/jobs/371614
Webエンジニア(甲府勤務)大好きな【山梨県】でエンジニアとしてスキルアップしませんか? / インターネット/Webサービス・ASP,株式会社 BTM(旧名:株式会社 ビジネストータルマネージメント),"Chiyoda City, Japan",https://stackoverflow.com/jobs/351858
Pythonエンジニア/出版・新聞・雑誌,株式会社 TORICO,"Chiyoda City, Japan",https://stackoverflow.com/jobs/356470
リードエンジニア(自社開発 PHP)/インターネット/Webサービス・ASP,株式会社 i-plug,"Osaka, Japan",https://stackoverflow.com/jobs/356702
"Senior Software Engineer, Frontend",Beatport,"Denver, CO",https://stackoverflow.com/jobs/370202
テクニカルマネージャー/テクニカルリード,日本タタ・コンサルタンシー・サービシズ株式会社,"Minato City, Japan",https://stackoverflow.com/jobs/351937
Urgent looking for Sr. PHP Developer,Hipla technologies pvt. ltd,"Kolkata, India",https://stackoverflow.com/jobs/377930
Senior Salesforce Developer,Soliant Consulting,"Chicago, IL",https://stackoverflow.com/jobs/299457
リードエンジニア / インターネット/Webサービス・ASP,株式会社 i-plug,"Osaka, Japan",https://stackoverflow.com/jobs/310680
PHP バックエンド開発エンジニア / インターネット/Webサービス・ASP,株式会社 i-plug,"Osaka, Japan",https://stackoverflow.com/jobs/310667
Goエンジニア / インターネット/Webサービス・ASP,株式会社 ZEALS,"Shinagawa City, Japan",https://stackoverflow.com/jobs/310170
ビジネスコンサルタント(デジタリゼーションコンサルティングサービスエンジニアチーム)(語学(英語)を生かす),株式会社ヒューマセット,"Chiyoda City, Japan",https://stackoverflow.com/jobs/309023
PHP Web Developer,Logical Tech,"Indore, India",https://stackoverflow.com/jobs/377806
Full Stack JavaScript Engineer,Sine,"Stepney, Australia",https://stackoverflow.com/jobs/276008
Senior Full Stack Engineer at Blockchain Startup with Huge Growth Opportunities,CoinCircle,"Santa Monica, CA",https://stackoverflow.com/jobs/265623
SaaS Architect,Siemens AG,"Shannon, Ireland",https://stackoverflow.com/jobs/376522
Big Data Developers - All Levels - U.S. Citizens Only,Mission Focus,"Alexandria, VA",https://stackoverflow.com/jobs/308635
Senior React Developer (Remote),X-Team,No office location,https://stackoverflow.com/jobs/277612
Engineering Lead (leading 5-8 engineers),Zoopla,"London, UK",https://stackoverflow.com/jobs/368801
JavaScript Developer,Eliting Bots Private Limited,"Noida, India",https://stackoverflow.com/jobs/377240
Staff Software Architect,GE Renewable Energy,"Bengaluru, India",https://stackoverflow.com/jobs/377212
Ruby on Rails Developer,West agile labs,"Hyderabad, India",https://stackoverflow.com/jobs/355483
Full Stack Engineer,Oblong Industries,"Los Angeles, CA",https://stackoverflow.com/jobs/330774
JavaScript Developer,Kinsta,"Budapest, Hungary",https://stackoverflow.com/jobs/285414
"Developer - ""Docker / Kubernete Core Engineering""",SAP,"Bengaluru, India",https://stackoverflow.com/jobs/368342
Web Developer,Agile Soft Systems,"Pune, India",https://stackoverflow.com/jobs/368233
UI Developer,IoTian Technologies,"Pune, India",https://stackoverflow.com/jobs/368183
Front-end Engineer,Glowforge,"Seattle, WA",https://stackoverflow.com/jobs/376905
Senior GO Engineer,News UK,"London, UK",https://stackoverflow.com/jobs/277200
React Developer,HaysviaHays plc,"Raleigh, NC",https://stackoverflow.com/jobs/368001
Senior DevOps Engineer - Advertiser Connectivity Engineering,trivago N.V.,"Düsseldorf, Germany",https://stackoverflow.com/jobs/376807
Senior Security Engineer,Peakon,"London, UK",https://stackoverflow.com/jobs/376804
Senior Security Engineer,Peakon,"København, Denmark",https://stackoverflow.com/jobs/376803
PHP/Wordpress Developer,Giriraj Digital,"Ahmedabad, India",https://stackoverflow.com/jobs/329628
Frontend Developer,Banjo,"South Jordan, UT",https://stackoverflow.com/jobs/345274
Full Stack Software Engineer,Verys,"Santa Ana, CA",https://stackoverflow.com/jobs/376607
"Manager, Engineering (Billing Team)",BigCommerce,"Austin, TX",https://stackoverflow.com/jobs/376569
AMBA Architect,Arm,"Cambridge, Vereinigtes Königreich",https://stackoverflow.com/jobs/376550
(Senior) Frontend Entwickler - Javascript / Vue.JS (m/w/d) - German Speaker,GPORTAL,"München, Deutschland",https://stackoverflow.com/jobs/367694
Senior React/Typescript/Frontend engineer,MoveGB,"Bath, UK",https://stackoverflow.com/jobs/367693
Full Stack Java Developer,Rethink Solutions,"Toronto, ON, Canada",https://stackoverflow.com/jobs/353160
Senior Machine Learning Engineer,Creditvidya,"Hyderabad, India",https://stackoverflow.com/jobs/354628
派遣/残業ナシ コード書き換え 及び編集業務@大岡山 Java,株式会社スタッフサービス　エンジニアガイド,"Ota City, Japan",https://stackoverflow.com/jobs/376468
フロントエンジニア/広告・デザイン・イベント,株式会社 ソニックジャム,"Minato City, Japan",https://stackoverflow.com/jobs/358429
SRE/マイクロサービスアーキテクトチーム,合同会社DMM.com,"Minato City, Japan",https://stackoverflow.com/jobs/376295
Principal Partner Solution Architect – World Famous US startup in Bengaluru!,CareerXperts,"Bengaluru, India",https://stackoverflow.com/jobs/328751
【急募】運用者-SE(system engineer),株式会社マスターマインド,"Shibuya City, Japan",https://stackoverflow.com/jobs/375844
基盤デザイン・構築・ビッグデータ解析,株式会社アイソル,"Shinagawa City, Japan",https://stackoverflow.com/jobs/354071
Sr. PHP Developer,StageBit,"Surat, India",https://stackoverflow.com/jobs/375466
"Sitecore Developer (C#, JavaScript, HTML, CSS)",Mapleton Hill,"Boulder, CO",https://stackoverflow.com/jobs/88591
Senior Android Engineer,Homer,"Mexico City, Mexico",https://stackoverflow.com/jobs/375391
QUALITY ASSURANCE ENGINEER,LoveBookOnline,"Rochester, MI",https://stackoverflow.com/jobs/277451
Senior Full Stack Software Engineer (React & Django),Sector Labs,"Cluj-Napoca, Romania",https://stackoverflow.com/jobs/241611
Principal Full Stack Software Engineer (React & Django),Sector Labs,"Cluj-Napoca, Romania",https://stackoverflow.com/jobs/249484
Junior Full Stack Software Engineer (React & Django),Sector Labs,"Cluj-Napoca, Romania",https://stackoverflow.com/jobs/242124
React Native Developer,Infosys technology limited,"Bengaluru, India",https://stackoverflow.com/jobs/354154
Senior Front-end Developer,Channable,"Utrecht, Netherlands",https://stackoverflow.com/jobs/342986
WEBエンジニア (自社メディア),株式会社Eat Smart,"Minato City, Japan",https://stackoverflow.com/jobs/328225
React Native - Full Stack Developer,Node.Digital LLC,"Hyderabad, India",https://stackoverflow.com/jobs/366780
Senior Web Developer (Full Stack),SBI BITS,"Minato City, Japan",https://stackoverflow.com/jobs/342813
Full Stack Web Developer,Small Planet Digital,"Brooklyn, NY",https://stackoverflow.com/jobs/353262
Senior JavaScript Developer,Cypress.io,"Atlanta, GA",https://stackoverflow.com/jobs/307194
Principal Software Engineer - (Front End),Kyruus,"Boston, MA",https://stackoverflow.com/jobs/366690
Lead Application & Product Architect,Wolters Kluwer,"Coppell, TX",https://stackoverflow.com/jobs/351354
Full Stack Developer,Prestige Holiday Resorts LLP,"Bengaluru, India",https://stackoverflow.com/jobs/374888
"Frontend Engineer, Smart TV Apps",DAZN,"London, UK",https://stackoverflow.com/jobs/365433
Java Developer,Fine Jobs,"Chennai, India",https://stackoverflow.com/jobs/352749
PHP Developer,Acesrta Networks,"Chennai, India",https://stackoverflow.com/jobs/327473
Java Full Stack Developer,FIK E-Commerce,"Hyderabad, India",https://stackoverflow.com/jobs/326785
Backend Engineer/Sr. Software Developer/Software Developer,Box8,"Bengaluru, India",https://stackoverflow.com/jobs/326591
Front End Developer,Tripoto,"New Delhi, India",https://stackoverflow.com/jobs/326527
Software Engineer - Web Technologies (PHP/Node),LogicQuad Technology,"New Delhi, India",https://stackoverflow.com/jobs/326456
PHP Developer,Nile Technologies,"Noida, India",https://stackoverflow.com/jobs/326445
Implementation Specialist - Online Visitor Engagement (OVE) solutions,itForte,"Hyderabad, India",https://stackoverflow.com/jobs/325449
Senior Magento Developers,Accugile,"Coimbatore, India",https://stackoverflow.com/jobs/324393
Full Stack Developer - asp.net MVC,Resemble Systems,"Bengaluru, India",https://stackoverflow.com/jobs/324039
Jr. WEB DEVELOPER,WeCraft Solutions,"Navi Mumbai, India",https://stackoverflow.com/jobs/323703
Back-End Developer,Blue Tie Global Private Limited,"Mumbai, India",https://stackoverflow.com/jobs/323618
PHP DEVELOPER,PurpleTalk,"Hyderabad, India",https://stackoverflow.com/jobs/323448
Senior Application Developer,Liventus,"Bengaluru, India",https://stackoverflow.com/jobs/322420
Senior Front-End Web Developer,Liventus,"Bengaluru, India",https://stackoverflow.com/jobs/322413
Kotlin/Java Developer,Masabi,"London, UK",https://stackoverflow.com/jobs/352711
Cloud API Node Developer,Pinnacle Solutions Group,"Charlotte, NC",https://stackoverflow.com/jobs/252302
Principal Software Engineer,Marks & Spencer,"London, UK",https://stackoverflow.com/jobs/366069
Senior Frontend Engineer for Cloud Telephony (m/f/d),NFON AG,"Berlin, Deutschland",https://stackoverflow.com/jobs/365918
Drupal Developer,CompuMatrice,"Pune, India",https://stackoverflow.com/jobs/365832
Senior/Lead Developer – PHP,Ignite Solutions,"Pune, India",https://stackoverflow.com/jobs/365821
Software Engineer/Architect,Daugherty Business Solutions,"Minneapolis, MN",https://stackoverflow.com/jobs/242494
Senior Tech Specialist (m/f/d) - JS Fullstack,Motius GmbH,"München, Deutschland",https://stackoverflow.com/jobs/365532
Sr. Full Stack Developer,HatchWorks Technologies,"Atlanta, GA",https://stackoverflow.com/jobs/365527
Senior Web Developer (Full-Stack),Insomniac Design,"Washington, DC",https://stackoverflow.com/jobs/310916
DevOps Engineer,audibene,"Denver, CO",https://stackoverflow.com/jobs/374543
Senior JavaScript Engineer (Node/React) - Learn Serverless!,CazooviaTalent Point,"London, UK",https://stackoverflow.com/jobs/365390
Senior Vue.js Developer (Remote),X-Team,No office location,https://stackoverflow.com/jobs/275429
"Data Engineer (Contract, £350-£550/day DoE)",DataTruth,No office location,https://stackoverflow.com/jobs/299629
Web Developer,CEKAV,"Bengaluru, India",https://stackoverflow.com/jobs/374505
UI Developer (Angular),Ultria,"Bengaluru, India",https://stackoverflow.com/jobs/352211
Web Development Lead,Insomniac Design,"Washington, DC",https://stackoverflow.com/jobs/310917
"Senior Software Team Lead - Node.js, Rest, AWS",Chefman,"Mahwah, NJ",https://stackoverflow.com/jobs/316519
Frontend Entwickler*in,GASAG AG,"Berlin, Deutschland",https://stackoverflow.com/jobs/374363
Senior Frontend Developer (React/Angular/Node),Sytac IT Consulting,"Amsterdam, Netherlands",https://stackoverflow.com/jobs/142357
Embedded Software Engineer,MABZONE IT SOLUTIONS,"Sahibzada Ajit Singh Nagar, India",https://stackoverflow.com/jobs/374165
React Native Developer,Staffio HR,"Hyderabad, India",https://stackoverflow.com/jobs/341195
Backend Engineer,Sesame,"Brooklyn, NY",https://stackoverflow.com/jobs/308153
Systems Architect,Arm,"Cambridge, UK",https://stackoverflow.com/jobs/374057
Webエンジニア/PG/川越　大好きな【埼玉県】でエンジニアとしてスキルアップしませんか? / インターネット/Webサービス・ASP,株式会社 BTM(旧名:株式会社 ビジネストータルマネージメント),"Kawagoe, Japan",https://stackoverflow.com/jobs/364680
フルスタックエンジニア《日本の医療技術を促進》,リーズンホワイ株式会社,"Chiyoda City, Japan",https://stackoverflow.com/jobs/320448
保育園完備 子連れ出勤OK 【ママエンジニア募集】ブランクありでもOK,チアーマザーズ株式会社,"Taito City, Japan",https://stackoverflow.com/jobs/340186
Full Stack Developer /software Developer,Talent Zone Consultants,"Mumbai, India",https://stackoverflow.com/jobs/359783
Full Stack Developer,DEPUTIZE CONSULTANCY PVT LTD,"Mumbai, India",https://stackoverflow.com/jobs/373981
Senior Software Engineer - Cloud UE - Product Development,AVEVA Software,"Hyderabad, India",https://stackoverflow.com/jobs/351433
"Software Engineer, Advertiser Interfaces and Growth",Pinterest,"San Francisco, CA",https://stackoverflow.com/jobs/373923
Site Reliability Engineer,Nielsen Global Connect,"Chicago, IL",https://stackoverflow.com/jobs/339916
Director of Engineering,WorkBoard Inc.,"Redwood City, CA",https://stackoverflow.com/jobs/339903
Data Platform Coordinator,European Bioinformatics Institute (EMBL-EBI),"Hinxton, UK",https://stackoverflow.com/jobs/373865
Android Software Engineer,Zuhlke Engineering Ltd,"London, UK",https://stackoverflow.com/jobs/280104
Ruby on Rails Developer,K-Circle Digital Solutions P Ltd,"Hyderabad, India",https://stackoverflow.com/jobs/373776
Software Architects (Multiple Locations),Salesforce,"Seattle, WA",https://stackoverflow.com/jobs/364250
Software Architects (Multiple Locations),Salesforce,"San Francisco, CA",https://stackoverflow.com/jobs/364249
Full-Stack Software Engineer,FactSet,"Austin, TX",https://stackoverflow.com/jobs/350964
SMTS/LMTS - Salesforce Egress Proxy Team (SEP),Salesforce,"Hyderabad, India",https://stackoverflow.com/jobs/364199
Lead Member Technical Staff,Salesforce,"Hyderabad, India",https://stackoverflow.com/jobs/364197
Head of Engineering (Frontend) - Zalando Lounge,Zalando SE,"Berlin, Germany",https://stackoverflow.com/jobs/339231
Lead Software Engineer (Java),Zuhlke Engineering Ltd,"Manchester, UK",https://stackoverflow.com/jobs/202003
iOS Software Engineer,Zuhlke Engineering Ltd,"London, UK",https://stackoverflow.com/jobs/144287
(Senior) Intershop Entwickler (m/w/d),Smart Commerce SE,"Jena, Germany",https://stackoverflow.com/jobs/205222
リードエンジニア,合同会社DMM.com,"Minato City, Japan",https://stackoverflow.com/jobs/317538
プログラマー,株式会社 ワイズネット,"Chiyoda City, Japan",https://stackoverflow.com/jobs/316904
Principal Software Engineer,Bulb Energy,"London, UK",https://stackoverflow.com/jobs/363547
Senior Software Engineer,Bulb Energy,"London, UK",https://stackoverflow.com/jobs/363482
Principal Ops Engineer,Bulb Energy,"London, UK",https://stackoverflow.com/jobs/363475
AIポータルサイト開発,株式会社エーティーエス,"Yokohama, Japan",https://stackoverflow.com/jobs/350151
Full Stack Developer / UI Developer,Silver Wings Consultancy,"Hyderabad, India",https://stackoverflow.com/jobs/373407
AEM + UI Developer,Gspann Technologies Inc,"Hyderabad, India",https://stackoverflow.com/jobs/373393
Android App Developer,ReddySys,"Hyderabad, India",https://stackoverflow.com/jobs/373349
"Fullstack Developer, focus Frontend",Arweave,"Berlin, Germany",https://stackoverflow.com/jobs/350108
DevOps @ Arweave,Arweave,"Berlin, Germany",https://stackoverflow.com/jobs/350106
Infrastructure/Site Reliability Engineer,Wildlife,"State of São Paulo, Brazil",https://stackoverflow.com/jobs/304703
Full Stack Developer (Node / Angular),HaysviaHays plc,"Reston, VA",https://stackoverflow.com/jobs/363170
Senior Front End Developer,Upgrade PackviaFutureheads,"London, UK",https://stackoverflow.com/jobs/373222
Full Stack Developer,NewWave,"Baltimore, MD",https://stackoverflow.com/jobs/321897
Senior Software Engineer (Fullstack),BUMP,"London, UK",https://stackoverflow.com/jobs/373213
Php developer-Wordpress,25 Norsoft Private Limited,"Ernakulam, India",https://stackoverflow.com/jobs/373115
Fresher Engineer / Developer,Piford Technologies Pvt Ltd,"Sahibzada Ajit Singh Nagar, India",https://stackoverflow.com/jobs/373056
Microservices Node API Role,Milestone IT,"Caulfield, Australia",https://stackoverflow.com/jobs/173433
Webシステム開発エンジニア,株式会社アットマークテクノ,"Sapporo, Japan",https://stackoverflow.com/jobs/362373
プログラマー,株式会社 ワイズネット,"Chiyoda City, Japan",https://stackoverflow.com/jobs/318547
Full Stack Developer,Prestige Holiday Resorts LLP,"Pune, India",https://stackoverflow.com/jobs/372893
DOT NET UI software UI developer,IPS Vantage Tech Services Private Limited,"Bengaluru, India",https://stackoverflow.com/jobs/372871
"Software Developers: Work on award winning SaaS, used by 2 million people!",Xero,"Auckland, New Zealand",https://stackoverflow.com/jobs/304072
Senior Web Developer (React),Imaginuity,"Dallas, TX",https://stackoverflow.com/jobs/315802
"Platform Software Engineer (Remote, USA)",Research Square,"Durham, NC",https://stackoverflow.com/jobs/372813
Solutions Architect,NewWave,"Baltimore, MD",https://stackoverflow.com/jobs/321890
Freelance Full-Stack Developer – PHP & JavaScript - Remote Project,SkillValue,No office location,https://stackoverflow.com/jobs/372782
Software Engineers,OVO Group,"Bristol, UK",https://stackoverflow.com/jobs/362074
JavaScript Frontend Software Engineer for Scientific Visualization (W/M),EPFL - Blue Brain Project,"Genève, Switzerland",https://stackoverflow.com/jobs/372725
Node,Techno tackle software solution,"Coimbatore, India",https://stackoverflow.com/jobs/361868
"Full-stack developer, React & Node",EduMe,"London, UK",https://stackoverflow.com/jobs/315290
Software Engineer,Barbaricum,"Springfield, VA",https://stackoverflow.com/jobs/296004
Senior DevOps Engineer,Global Reach Consulting LLC,"Reston, VA",https://stackoverflow.com/jobs/372501
Front-end Software Engineer,Billhop,"Stockholm, Sweden",https://stackoverflow.com/jobs/315089
Back-end Software Engineer,Billhop,"Stockholm, Sweden",https://stackoverflow.com/jobs/315077
React Native Developer,OVO EnergyviaIntec Select,"London, UK",https://stackoverflow.com/jobs/305182
Senior Software Engineer,Dealpath,"San Francisco, CA",https://stackoverflow.com/jobs/372332
Développeur Full Stack Java/JS (H/F),ORC Communications for CarBoat Media,"Paris, France",https://stackoverflow.com/jobs/371583
Data & Analytics,Daugherty Business Solutions,"Creve Coeur, MO",https://stackoverflow.com/jobs/278951
Site Reliability Engineer / Devops,Criteo,"Paris, France",https://stackoverflow.com/jobs/315748
rubyエンジニア / インターネット/Webサービス・ASP,ポート 株式会社,"Shinjuku City, Japan",https://stackoverflow.com/jobs/336258
Devops Engineer - Bangalore,Diverse Lynx India,"Bengaluru, India",https://stackoverflow.com/jobs/361636
CakePHP/CI Developer,GN Infotech,"Kolkata, India",https://stackoverflow.com/jobs/348159
Senior Front End Engineer,OppLane,"San Jose, CA",https://stackoverflow.com/jobs/281332
Senior JavaScript Engineer - Buy Side Trading,Bloomberg LP,"London, UK",https://stackoverflow.com/jobs/276667
Java Developer - Equity Accelerate Engineering,Goldman Sachs,"Warsaw, Poland",https://stackoverflow.com/jobs/361332
Service Assurance Engineer - Java Technology,American Express UK,"London, UK",https://stackoverflow.com/jobs/335853
